{
  "baseline_all_finite": true,
  "baseline_final_state": [
    0.7816047478675208,
    -0.20834143155370322,
    20.543149831601227
  ],
  "baseline_final_u_l2": 20.55906897545724,
  "baseline_lyapunov": {
    "method": "finite_difference_twin_trajectory",
    "note": "Approximate largest Lyapunov estimate from paired deterministic trajectories.",
    "status": "computed",
    "value": 0.894383149041116
  },
  "baseline_xyz_ranges": {
    "x": {
      "max": 18.118637797189606,
      "min": -18.044369285780327
    },
    "y": {
      "max": 27.18347313583823,
      "min": -22.834473926119518
    },
    "z": {
      "max": 46.75801524533206,
      "min": 1.0
    }
  },
  "ic_index": 0,
  "initial_state": [
    1.0,
    1.0,
    1.0
  ],
  "memory_all_finite": true,
  "memory_channel_peak_abs_contrib": [
    10.768483489375862,
    8.848001890706145,
    10.422255700357923
  ],
  "memory_final_state": [
    -10.497316656281056,
    0.07646480707227954,
    41.96943771213864
  ],
  "memory_final_u_l2": 43.26237633004042,
  "memory_kernel_gamma": [
    0.2,
    0.05,
    0.01
  ],
  "memory_kernel_weights": [
    0.5,
    0.2,
    0.1
  ],
  "memory_lyapunov": {
    "method": "paired_override_trajectory_slope",
    "note": "Approximate largest Lyapunov estimate from two override-backed C++ trajectories. This uses a log-separation slope over saved post-transient samples, so treat it as a screening metric.",
    "status": "computed",
    "value": 0.004950141547126024
  },
  "memory_status": "completed",
  "memory_total_feedback_range": {
    "max": 15.005391944319738,
    "min": -28.72564595942117
  },
  "memory_xyz_ranges": {
    "x": {
      "max": 20.758010222847293,
      "min": -19.391013681934993
    },
    "y": {
      "max": 27.762661808402473,
      "min": -26.90876245694927
    },
    "z": {
      "max": 53.526570092027434,
      "min": 1.0
    }
  },
  "note": "Memory-side run used the override-capable C++ Lorenz63 ABI with matched initial state and active kernel export.",
  "spectral_diagnosis": {
    "deff": 7.380698928867302,
    "gamma": [
      0.2,
      0.05,
      0.01
    ],
    "hmem": 0.9002560512685369,
    "hnorm": 0.8194483718728035,
    "mcap": 66.21212121212122,
    "mres": 2.3058653605207224,
    "mscale": 1.3010299956639813,
    "note": "Computed from the active kernel returned by the override-capable C++ Lorenz63 ABI run.",
    "source": "override_backed_active_kernel",
    "status": "computed",
    "weights": [
      0.5,
      0.2,
      0.1
    ]
  }
}