{
  "baseline_all_finite": true,
  "baseline_final_state": [
    17.071656796215876,
    16.419619510410385,
    39.640106702326506
  ],
  "baseline_final_u_l2": 46.17773738508919,
  "baseline_lyapunov": {
    "method": "finite_difference_twin_trajectory",
    "note": "Approximate largest Lyapunov estimate from paired deterministic trajectories.",
    "status": "computed",
    "value": 0.9314763576101113
  },
  "baseline_xyz_ranges": {
    "x": {
      "max": 18.10482164230227,
      "min": -17.423933607916332
    },
    "y": {
      "max": 23.960445481372545,
      "min": -24.180242705803447
    },
    "z": {
      "max": 44.94624163073514,
      "min": 4.0
    }
  },
  "ic_index": 1,
  "initial_state": [
    2.0,
    3.0,
    4.0
  ],
  "memory_all_finite": true,
  "memory_channel_peak_abs_contrib": [
    12.087464112943351,
    9.08234504919173,
    9.747614035185526
  ],
  "memory_final_state": [
    -5.616967023209364,
    -6.623458304725051,
    18.467928997830263
  ],
  "memory_final_u_l2": 20.407962169779534,
  "memory_kernel_gamma": [
    0.2,
    0.05,
    0.01
  ],
  "memory_kernel_weights": [
    0.5,
    0.2,
    0.1
  ],
  "memory_lyapunov": {
    "method": "paired_override_trajectory_slope",
    "note": "Approximate largest Lyapunov estimate from two override-backed C++ trajectories. This uses a log-separation slope over saved post-transient samples, so treat it as a screening metric.",
    "status": "computed",
    "value": -0.001178700326661604
  },
  "memory_status": "completed",
  "memory_total_feedback_range": {
    "max": 27.297388192406338,
    "min": -12.743805233225673
  },
  "memory_xyz_ranges": {
    "x": {
      "max": 20.00724710102333,
      "min": -20.833964029234494
    },
    "y": {
      "max": 26.401638916500882,
      "min": -26.130130268100743
    },
    "z": {
      "max": 50.32964326002271,
      "min": 3.198029318925437
    }
  },
  "note": "Memory-side run used the override-capable C++ Lorenz63 ABI with matched initial state and active kernel export.",
  "spectral_diagnosis": {
    "deff": 7.380698928867302,
    "gamma": [
      0.2,
      0.05,
      0.01
    ],
    "hmem": 0.9002560512685369,
    "hnorm": 0.8194483718728035,
    "mcap": 66.21212121212122,
    "mres": 2.3058653605207224,
    "mscale": 1.3010299956639813,
    "note": "Computed from the active kernel returned by the override-capable C++ Lorenz63 ABI run.",
    "source": "override_backed_active_kernel",
    "status": "computed",
    "weights": [
      0.5,
      0.2,
      0.1
    ]
  }
}