{
  "baseline_all_finite": true,
  "baseline_final_state": [
    13.062102472305984,
    16.490163362219878,
    29.045433016642637
  ],
  "baseline_final_u_l2": 35.86336832805858,
  "baseline_lyapunov": {
    "method": "finite_difference_twin_trajectory",
    "note": "Approximate largest Lyapunov estimate from paired deterministic trajectories.",
    "status": "computed",
    "value": 0.906829401655106
  },
  "baseline_xyz_ranges": {
    "x": {
      "max": 17.83649361589496,
      "min": -18.514066253446636
    },
    "y": {
      "max": 24.64995603744503,
      "min": -26.512635101365586
    },
    "z": {
      "max": 45.157735350429114,
      "min": 1.5587143026911825
    }
  },
  "ic_index": 2,
  "initial_state": [
    -1.5,
    1.0,
    2.0
  ],
  "memory_all_finite": true,
  "memory_channel_peak_abs_contrib": [
    12.351878102432076,
    9.937827772568415,
    7.403734597405171
  ],
  "memory_final_state": [
    -0.4848393711092098,
    -2.4805204967141887,
    21.97651885429423
  ],
  "memory_final_u_l2": 22.121379525326773,
  "memory_kernel_gamma": [
    0.2,
    0.05,
    0.01
  ],
  "memory_kernel_weights": [
    0.5,
    0.2,
    0.1
  ],
  "memory_lyapunov": {
    "method": "paired_override_trajectory_slope",
    "note": "Approximate largest Lyapunov estimate from two override-backed C++ trajectories. This uses a log-separation slope over saved post-transient samples, so treat it as a screening metric.",
    "status": "computed",
    "value": -0.0014257346380061168
  },
  "memory_status": "completed",
  "memory_total_feedback_range": {
    "max": 15.42261447905247,
    "min": -27.614889066116564
  },
  "memory_xyz_ranges": {
    "x": {
      "max": 18.964649638342962,
      "min": -20.018627803302508
    },
    "y": {
      "max": 25.02588677034519,
      "min": -28.046854350976577
    },
    "z": {
      "max": 52.81534405442813,
      "min": 1.510901171557904
    }
  },
  "note": "Director-managed runtime path used the override-capable C++ Lorenz63 ABI with trace storage and stability snapshots.",
  "spectral_diagnosis": {
    "deff": 7.380698928867302,
    "gamma": [
      0.2,
      0.05,
      0.01
    ],
    "hmem": 0.9002560512685369,
    "hnorm": 0.8194483718728035,
    "mcap": 66.21212121212122,
    "mres": 2.3058653605207224,
    "mscale": 1.3010299956639813,
    "note": "Computed from the active kernel returned during the Director-managed Lorenz63 run.",
    "source": "director_active_kernel",
    "status": "computed",
    "weights": [
      0.5,
      0.2,
      0.1
    ]
  }
}